title,price,rating,reviews,availability
"Alienware M17R5 Gaming Laptop - 17.3-inch FHD 480Hz Display, AMD Ryzen 9-6900HX, 32GB DDR5 RAM, 1TB SSD, NVIDIA GeForce RTX 3080 GDDR6, Windows 11 Home, 1 Year Support - Dark Side of the Moon, Black",,3.6 out of 5 stars,177 ratings,Only 1 left in stock - order soon.
"Alienware X17 R2 VR Ready Gaming Laptop - 17.3-inch FHD 360Hz 1ms Display, Core i7-12700H, 16GB RAM, 1TB SSD, NVIDIA GeForce RTX 3070Ti 8GB GDDR6, Bluetooth, Wi-Fi 6, USB-C, Windows 11 Home - White","$1,879.99",4.2 out of 5 stars,110 ratings,Only 3 left in stock - order soon.
"Alienware m17 R5 Gaming Laptop 2023 Newest, 17.3"" Display, AMD Ryzen 9 6900HX, AMD Radeon RX 6850M XT Graphics (Beat RTX 3080 Ti), 64GB DDR5 RAM, 1TB SSD, WI-Fi 6, Backlit Keyboard, Windows 11 Home",,4.4 out of 5 stars,1 rating,Only 4 left in stock - order soon.
"Alienware X16 R1 Gaming Laptop - 16-inch QHD+ 240Hz Display, Intel Core i9-13900HK, 32GB LPDDR5 RAM, 1TB SSD, NVIDIA GeForce RTX 4080 12GB GDDR6, Windows 11 Home - Lunar Silver","$1,921.41",3.8 out of 5 stars,85 ratings,Only 3 left in stock - order soon.
"Alienware X15R1 Gaming Laptop - 15.6-inch FHD (1920x1080) 360Hz 1ms Display, Intel Core i7-11800H Processor, 16GB DDR4 RAM, 1TB SSD, NVIDIA GeForce RTX 3070 DDR6 Graphics, Windows 11 Home- Lunar Light",,4.1 out of 5 stars,84 ratings,Not Available
"Dell Alienware R4 15.6"" Full HD Gaming Laptop, 8th Gen Intel Core i7-8750H, 16GB Memory, 1TB HDD + 8GB SSD, NVIDIA GeForce GTX 1060 6GB, Windows 10",,4.2 out of 5 stars,80 ratings,Only 8 left in stock - order soon.
"Alienware m17 R4, 17.3 inch FHD (Full HD) Gaming Laptop - Intel Core i7-10870H, 16GB DDR4 RAM, 1TB SSD, NVIDIA GeForce RTX 3060 6GB GDDR6, Windows 10 Home - Lunar Light",,4.5 out of 5 stars,199 ratings,Only 2 left in stock - order soon.
"Alienware Dell m17 17.3"" Gaming Notebook i7-8750H 16GB RAM 256GB SSD 1TB HDD GeForce RTX 2070-8th Gen i7-8750H Hexa-core - NVIDIA GeForce RTX 2070 8GB - 1920 x 1080 Full HD Resolution - in-Plan",,3.5 out of 5 stars,10 ratings,Only 1 left in stock - order soon.
"Alienware M15 R6 VR Ready Gaming Laptop - 15.6 inch QHD Display, 240Hz Refresh Rate, Intel Core i7-11800H, 16GB DDR4 RAM, 512GB SSD, NVIDIA GeForce RTX 3070 8GB GDDR6, Windows 11- Black",,4.1 out of 5 stars,124 ratings,Only 2 left in stock - order soon.
"Alienware 2019 Dell 17 R5 17.3"" FHD VR Ready Gaming Laptop Computer, 8th Gen Intel Hexa-Core i7-8750H up to 4.1GHz, 32GB DDR4, 512GB SSD, GTX 1070 8GB, 802.11ac WiFi, Bluetooth 5.0, HDMI, Windows 10",,4.4 out of 5 stars,4 ratings,Only 2 left in stock - order soon.
"Alienware Area 51M Gaming Laptop, 17.3"" 300hz 3ms FHD Display, Intel Core i7-10700K, Nvidia GeForce RTX 2070 Super 8GB GDDR6, 1TB SSD, 16GB RAM, Lunar Light (AWARR2-7323WHT-PUS)",,4.3 out of 5 stars,420 ratings,Only 1 left in stock - order soon.
"Alienware M15 R6 Gaming Laptop - 15.6-inch FHD (1920 x 1080) 1ms 360Hz Display, Intel Core i7-11800H, 32GB DDR4 RAM, 1TB SSD, NVIDIA RTX 3070 8GB Graphics, Windows 11 Home - Black",,4.5 out of 5 stars,175 ratings,Only 4 left in stock - order soon.
"Alienware Dell M17 17.3"" Full HD Gaming Notebook, Intel Core i7-9750H, 16 GB RAM - 512 GB SSD, NVIDIA GeForce RTX 2060, Windows 10",,4.7 out of 5 stars,120 ratings,Only 1 left in stock - order soon.
"Alienware Dell m15 R1 15.6'' FHD 144Hz Laptop, Intel Core i7, 16GB RAM, 512GB SSD, GeForce RTX 2070 8GB GDDR6 with Max-Q Design, Thunderbolt, HDMI, Windows 10 (RTX 2070)",,3.8 out of 5 stars,3 ratings,Only 4 left in stock - order soon.
"Alienware Latest_Dell M17 Gaming Laptop, 9th Gen Intel Core i7-9750, 16GB RAM, 256GB SSD+ 1TB HDD, Wireless+ Bluetooth, NVIDIA GeForce RTX 2060 6GB GDDR6, HDMI，Window 10",,4.4 out of 5 stars,,Only 4 left in stock - order soon.
"Alienware 2023 Newest m17 Gaming Laptop, 17.3"" 360Hz Display, AMD Ryzen 9 6900HX (8 cores), AMD Radeon RX 6850M XT Graphics, 64GB DDR5 RAM, 2TB SSD, WI-Fi 6, Backlit Keyboard, Windows 11 Home",,4.3 out of 5 stars,,Only 4 left in stock - order soon.
"Alienware 15 UHD 15.6-Inch Touchscreen Gaming Laptop (Intel Core i7 4710HQ, 16 GB RAM, 1 TB HDD + 256 GB SSD, Silver and Black) NVIDIA GeForce GTX 970M with 3GB GDDR5",,3.1 out of 5 stars,12 ratings,Only 1 left in stock - order soon.
"Alienware AW15R3-5246SLV-PUS 15.6"" Gaming Laptop (7th Generation Intel Core i5, 8GB RAM, 1TB HDD, Silver) VR Ready with NVIDIA GTX 1060","$1,699.00",4.6 out of 5 stars,21 ratings,Only 2 left in stock - order soon.
"Alienware X15 R2 Gaming Laptop - 15.6-inch FHD 360Hz 1ms Display, Core i9-12900H, 16GB RAM, 1TB SSD, NVIDIA GeForce RTX 3070Ti 8GB GDDR6, Killer WiFi 6, Windows 11 Home - Lunar Light",,5.0 out of 5 stars,1 rating,Only 4 left in stock - order soon.
"Alienware AW13R3-7420SLV-PUS 13.3"" Gaming Laptop (7th Generation Intel Core i7, 16GB RAM, 512 SSD, Silver) VR Ready with NVIDIA GTX 1060",,3.9 out of 5 stars,56 ratings,Only 1 left in stock - order soon.
"Alienware m15 R6, 15.6 inch QHD 240Hz Non-Touch Gaming Laptop - Intel Core i7-11800H, 16GB DDR4 RAM, 512GB SSD, NVIDIA GeForce RTX 3060 6GB GDDR6, Windows 10 Home- Dark Side of the Moon (Latest Model)",,4.3 out of 5 stars,26 ratings,Only 1 left in stock - order soon.
"Alienware x15 R1 VR Ready Gaming Laptop - 15.6 inch FHD 360Hz Display, Intel Core i7-11800H, 16GB DDR4 RAM, 1TB SSD, HDMI, WiFi, NVIDIA GeForce RTX 3070 8GB GDDR6, Windows 11 Home - White",,3.7 out of 5 stars,50 ratings,Only 3 left in stock - order soon.
"Latest_Dell Alien.Ware M15 R2 15.6"" FHD Display Laptop, 9th Generation Intel Core i7-9750H Processor, 16GB RAM, 256GB SSD, NVIDIA GeForce GTX 2060 , Wireless+Bluetooth, HDMI，Window 10",,Previous page of related Sponsored Products,,Only 1 left in stock - order soon.
"Alienware m15 R4, RTX 3080 15.6 inch Gaming Laptop FHD (Full HD) - Intel Core i7-10870H, 32GB DDR4 RAM, 1TB SSD, NVIDIA GeForce RTX 3080 8GB GDDR6, Windows 10 Home - Lunar Light",,4.4 out of 5 stars,328 ratings,Not Available
